name,imputer,scaler,is_tuned,best_params,cv_rmse,val_rmse,val_mae,val_r2,test_rmse,test_mae,test_r2,source_file
CatBoost (baseline),median,none,False,"{'depth': 8, 'learning_rate': 0.05, 'l2_leaf_reg': 3.0, 'subsample': 0.8, 'colsample_bylevel': 0.8, 'best_iteration': 602}",,391.3907464743819,238.01741348475744,0.6691969763659799,351.77534497351746,226.84172512896504,0.6444259811482287,results_catboost.csv
CatBoost (tuned),median,none,True,"{'depth': 4, 'learning_rate': 0.03, 'l2_leaf_reg': 3.0, 'cv_folds': 5, 'cv_rmse_std': 48.729790783020775, 'cv_mae': 226.29241496331824, 'cv_r2': 0.6578415700201026, 'best_iteration': 190}",347.9425811103779,398.19849890776527,249.0264884393916,0.6575890848190803,364.3472402277714,238.36018056652333,0.6185565219506036,results_catboost_tuned.csv
"ElasticNet(a=0.01,l1=0.5)",mice,standard,False,,370.5414691528828,398.3776566918264,260.8985315605412,0.65728089992488,354.50011911276005,233.5783979495816,0.6388962520835868,results_linear_baselines.csv
Ridge(alpha=1),mice,standard,False,,366.4353205959805,400.5290631088733,264.50730192942314,0.653569250944928,360.57042988123806,237.05284111715716,0.6264235932871388,results_linear_baselines.csv
Lasso (tuned),mice,standard,True,{'model__alpha': np.float64(0.0610540229658533)},364.2933610698069,402.13608940877816,266.6776427300435,0.6507837343107244,364.2413435061032,240.35267355375868,0.618778221138689,results_linear_baselines.csv
ElasticNet (tuned),mice,standard,True,"{'model__alpha': np.float64(0.001), 'model__l1_ratio': 0.9}",364.3554493828181,402.8178784696582,267.3236495474092,0.6495985949075269,366.1515288392488,240.94015627656808,0.6147692654344183,results_linear_baselines.csv
Ridge (tuned),mice,standard,True,{'model__alpha': np.float64(0.0517947467923121)},364.39635606444926,403.3091634918305,267.81179903199705,0.6487433600816871,367.2561374766646,241.6862743442592,0.6124414255482238,results_linear_baselines.csv
Lasso(alpha=0.01),mice,standard,False,,364.5730704161764,403.4724636933455,267.89278826844713,0.6484588543085131,367.5736665598702,241.96779795385373,0.6117709707593364,results_linear_baselines.csv
OLS,mice,robust,False,,364.7508677262959,403.8053756866065,268.2046996865753,0.6478784898141959,368.3306126993261,242.32057975811023,0.6101703607373987,results_linear_baselines.csv
