variant,rank,s_min,cond,n_features
OLS_median_none,144,3.5943195583851663e-12,3.3515408322118467e+18,146
OLS_median_standard,144,9.341004587390167e-15,1.817914083046969e+16,146
